X;Y;Peso;Tempo
-37.212685965671994;-18.143715864085685;2.413177905834046;0.00023508071899414062
-33.647399532244904;-18.747886243092204;2.543906859268308;0.01648688316345215
-32.8410679238709;-18.349022316590442;2.564157008166461;0.028493881225585938
-32.13112044973027;-18.46535848511735;2.604217839005943;0.04045391082763672
-32.13112044973027;-18.46535848511735;2.604217839005943;0.052581071853637695
-33.49789822685811;-18.285037633570504;2.613488086861487;0.06537389755249023
-35.692087440939204;-20.217318453612442;2.493275460192894;0.0784769058227539
-35.692087440939204;-20.217318453612442;2.493275460192894;0.09044289588928223
-30.65025535375022;-18.18942940302738;2.6645288187435794;0.10267210006713867
-38.38105222241055;-17.245085078136412;2.6210607351900226;0.11546897888183594
-35.84484131776617;-19.420006447587756;2.532920931395669;0.12858295440673828
-35.84484131776617;-19.420006447587756;2.532920931395669;0.1405200958251953
-33.014796066332885;-19.370084538172534;2.6037783720491188;0.1527860164642334
-34.70247249733806;-19.778380329104735;2.583100809854198;0.16559195518493652
-34.70247249733806;-19.778380329104735;2.583100809854198;0.17873501777648926
-35.488678067002326;-15.833056206754197;2.672119547562204;0.19073700904846191
-38.31687836032751;-18.972118432973176;2.6012199190985488;0.20285987854003906
-38.31687836032751;-18.972118432973176;2.6012199190985488;0.21583795547485352
-37.010219131820435;-19.054414387310874;2.482741052937138;0.22910594940185547
-37.010219131820435;-19.054414387310874;2.482741052937138;0.24106287956237793
-34.378043292196324;-18.63240980294074;2.503846028428825;0.2530360221862793
-37.28625523384324;-20.991340966860506;2.432958453625229;0.26586103439331055
-37.28625523384324;-20.991340966860506;2.432958453625229;0.27918004989624023
-34.6219555939264;-18.817576719767366;2.5632961547428987;0.2911560535430908
-33.73131601946196;-18.357408051326736;2.5637295948696943;0.3032538890838623
-32.752940574327766;-17.37899865039556;2.544352353055162;0.3160219192504883
-32.752940574327766;-17.37899865039556;2.544352353055162;0.3294060230255127
-31.551553376202282;-17.240905087147024;2.574721549572363;0.34137392044067383
-34.29569073932266;-19.028673383750032;2.4840232928274384;0.3534119129180908
-34.29569073932266;-19.028673383750032;2.4840232928274384;0.3661348819732666
-33.715686309987916;-19.162970953432698;2.45450892290377;0.3797121047973633
-32.041633462602846;-18.853148077123567;2.5843951034045567;0.3916780948638916
-32.041633462602846;-18.853148077123567;2.5843951034045567;0.40369701385498047
-36.142519389408584;-16.520112074917446;2.612229954291305;0.4163539409637451
-36.61985821717262;-17.228688378425993;2.621915561783556;0.42988109588623047
-36.61985821717262;-17.228688378425993;2.621915561783556;0.4418931007385254
-34.782124922182476;-20.283449070487205;2.6029114917955267;0.45404696464538574
-34.782124922182476;-20.283449070487205;2.6029114917955267;0.46685099601745605
-35.41519168883187;-19.75744039648092;2.6522485973205825;0.48025989532470703
-36.476552327248626;-19.345232958186422;2.582252010090694;0.4922060966491699
-36.476552327248626;-19.345232958186422;2.582252010090694;0.5041968822479248
-33.41413142898123;-19.12050854261312;2.593659324430071;0.5170280933380127
-34.62147323415833;-17.914014759356867;2.563308208402958;0.5302529335021973
-34.62147323415833;-17.914014759356867;2.563308208402958;0.5422160625457764
-31.061022476599163;-18.332255092921798;2.5650118347599946;0.5542619228363037
-31.061022476599163;-18.332255092921798;2.5650118347599946;0.5671060085296631
-35.43533280600923;-18.76479408882865;2.5430520326747743;0.5803709030151367
-34.14312030497844;-19.99457364329315;2.662795058236396;0.592318058013916
-34.14312030497844;-19.99457364329315;2.662795058236396;0.6042869091033936
-34.78813240299334;-18.376344610025257;2.493726980809777;0.6170001029968262
-36.8840018919897;-18.192559759017644;2.5721450161317048;0.6302990913391113
-39.84765584399486;-18.745537167505642;2.5210982574195846;0.6422610282897949
-31.552264351711454;-18.593198983969714;2.5747034690822748;0.6542389392852783
-31.552264351711454;-18.593198983969714;2.5747034690822748;0.6670989990234375
-34.70271283386536;-20.228403835200503;2.583094783024169;0.6803030967712402
-34.70271283386536;-20.228403835200503;2.583094783024169;0.6922059059143066
-39.90657608660865;-16.538162789405263;2.5409451003410872;0.7041480541229248
-34.94993665519317;-21.229371119790557;2.5333242373723177;0.716886043548584
-34.94993665519317;-21.229371119790557;2.5333242373723177;0.7302579879760742
-34.061697111103285;-19.049490879062713;2.642990403125097;0.7422308921813965
-31.951921856061475;-20.147312874550835;2.56456031414311;0.7543470859527588
-31.951921856061475;-20.147312874550835;2.56456031414311;0.7672719955444336
-32.875533406459496;-18.904223983620266;2.673359599642298;0.7803449630737305
-32.875533406459496;-18.904223983620266;2.673359599642298;0.792280912399292
-33.41389311557587;-18.67141972082268;2.5936653512601;0.8042559623718262
-38.75546059805407;-19.01035486825138;2.462069517572248;0.8170011043548584
-38.75546059805407;-19.01035486825138;2.462069517572248;0.8302009105682373
-33.81505658666633;-18.869938959417475;2.583540276811023;0.8421750068664551
-36.32830571828573;-16.505093614729603;2.5426547535281534;0.8541610240936279
-36.32830571828573;-16.505093614729603;2.5426547535281534;0.8669049739837646
-35.1833566903899;-16.89150328267357;2.592834631986684;0.8801710605621338
-35.1833566903899;-16.89150328267357;2.592834631986684;0.8921220302581787
-33.81433879907075;-17.519994786297175;2.5835583573011114;0.9041430950164795
-36.81283902967361;-19.034504374265133;2.5523162537002895;0.9168789386749268
-36.81283902967361;-19.034504374265133;2.5523162537002895;0.9301669597625732
-36.62082130599795;-19.01513527200097;2.621891454463439;0.942115068435669
-35.41519168883187;-19.75744039648092;2.6522485973205825;0.9541800022125244
-35.41519168883187;-19.75744039648092;2.6522485973205825;0.9670488834381104
-37.22387231267057;-18.781707667492846;2.5421972060812417;0.9802229404449463
-28.78676685645154;-21.22050975031378;2.556132839221041;0.9921751022338867
-28.78676685645154;-21.22050975031378;2.556132839221041;1.0041329860687256
-32.092077278751724;-18.074246860678933;2.693615775370481;1.0168969631195068
-37.010219131820435;-19.054414387310874;2.482741052937138;1.0302140712738037
-35.512989928464705;-19.729645999079217;2.5628566877860735;1.0421230792999268
-35.512989928464705;-19.729645999079217;2.5628566877860735;1.0541179180145264
-36.14324138546222;-17.862481614079634;2.6122118738012174;1.066910982131958
-33.64764047564233;-19.201405454007215;2.543900832438279;1.080216884613037
-33.64764047564233;-19.201405454007215;2.543900832438279;1.0921669006347656
-36.0699955697592;-19.145718480478926;2.5923770845397716;1.1041419506072998
-36.0699955697592;-19.145718480478926;2.5923770845397716;1.1169400215148926
-34.38032771283366;-19.63549482758254;2.613042593074633;1.130213975906372
-35.99423796831067;-16.831341276806675;2.5725905099185598;1.1422429084777832
-35.99423796831067;-16.831341276806675;2.5725905099185598;1.1542410850524902
-34.29951027424627;-19.57803802604014;2.5932258843032745;1.1671690940856934
-37.50231636661192;-20.81009490482639;2.621439933846556;1.1803851127624512
-37.50231636661192;-20.81009490482639;2.621439933846556;1.192436933517456
-35.026497754831595;-16.30147613846171;2.5532072412739977;1.204387903213501
-29.38378615664276;-21.07695492894529;2.5856472091447094;1.2172610759735107
-29.38378615664276;-21.07695492894529;2.5856472091447094;1.2303988933563232
-34.21686039829777;-17.26573408374533;2.5734393096820636;1.2423770427703857
-34.21686039829777;-17.26573408374533;2.5734393096820636;1.2543299198150635
-32.30919877152233;-19.922281727293285;2.643833176058571;1.2671449184417725
-32.131593062433296;-19.361679800876814;2.6042057853458846;1.2803099155426025
-32.131593062433296;-19.361679800876814;2.6042057853458846;1.2922749519348145
-38.72572918947519;-16.475066499876576;2.5911310056296477;1.304279088973999
-35.105595483589106;-17.274013205147334;2.573011896385297;1.3170890808105469
-35.105595483589106;-17.274013205147334;2.573011896385297;1.330338954925537
-34.14264835930964;-19.108422605899957;2.6628071118964547;1.3422598838806152
-35.27939855135342;-19.09810984368702;2.50341258830203;1.3543200492858887
-32.841545965076335;-19.252433866664752;2.5641449545064026;1.3670690059661865
-32.841545965076335;-19.252433866664752;2.5641449545064026;1.3802490234375
-35.18383758346509;-17.789824283326986;2.5928225783266257;1.3921880722045898
-32.92898505667431;-20.211383066258282;2.5839496096177017;1.4042348861694336
-32.44079165090699;-19.0523926093393;2.57427002895548;1.4170498847961426
-32.44079165090699;-19.0523926093393;2.57427002895548;1.4303710460662842
-28.7024484939585;-18.493798736349994;2.625744200964368;1.4423089027404785
-36.621543628566506;-20.35498147812701;2.6218733739733517;1.4543039798736572
-36.621543628566506;-20.35498147812701;2.6218733739733517;1.4670960903167725
-31.644534243490963;-19.55272347764779;2.594508124193575;1.4803080558776855
-36.59521810899049;-20.22598317309997;2.4928480468961274;1.49229097366333
-36.59521810899049;-20.22598317309997;2.4928480468961274;1.5043280124664307
-43.82404271000905;-17.086074871911727;2.4894709283321994;1.5171220302581787
-35.489626534941294;-17.602156088769256;2.672095440242087;1.530256986618042
-35.489626534941294;-17.602156088769256;2.672095440242087;1.542222023010254
-33.581964561491716;-19.238501346568874;2.633292741972787;1.5543689727783203
-33.581964561491716;-19.238501346568874;2.633292741972787;1.567215919494629
-30.947651894143934;-18.76795882650839;2.6345810086931154;1.580353021621704
-37.97381233748857;-17.051223690617885;2.6311858096391;1.5922799110412598
-37.97381233748857;-17.051223690617885;2.6311858096391;1.6042170524597168
-32.616331770336394;-18.276739540797305;2.613915500158254;1.617008924484253
-31.643589525805826;-17.756671811174407;2.594532231513692;1.6302690505981445
-31.643589525805826;-17.756671811174407;2.594532231513692;1.6421949863433838
-35.66409006911503;-17.15376084667016;2.602526266308965;1.654176950454712
-33.969609442725314;-18.88744142827393;2.5139650760478727;1.6670300960540771
-30.06614778928635;-17.92796320140203;2.724412385184449;1.680345058441162
-30.06614778928635;-17.92796320140203;2.724412385184449;1.6922988891601562
-34.379134974238426;-17.398570577760072;2.613072727224779;1.7042500972747803
-37.704773534852556;-17.684565234834665;2.55190692089361;1.7170929908752441
-37.704773534852556;-17.684565234834665;2.55190692089361;1.730329990386963
-33.746990869467794;-18.912478565778983;2.672932186345532;1.742285966873169
-35.58907623367532;-18.88673548962838;2.5826854502174905;1.7543540000915527
-35.58907623367532;-18.88673548962838;2.5826854502174905;1.7671139240264893
-35.56491010259671;-18.106871218268495;2.691906122183415;1.7803370952606201
-35.56491010259671;-18.106871218268495;2.691906122183415;1.792457103729248
-34.06074996891542;-17.270372629611945;2.643014510445214;1.8044838905334473
-34.05178859017566;-16.676379595483844;2.533811918969377;1.8174409866333008
-34.05178859017566;-16.676379595483844;2.533811918969377;1.8304989337921143
-34.54225854072975;-20.57057657293389;2.543455338651423;1.84244704246521
-36.329038342138226;-17.865984289698336;2.542636673038066;1.8543999195098877
-36.329038342138226;-17.865984289698336;2.542636673038066;1.8671729564666748
-32.30825999781398;-18.143450879295603;2.643857283378688;1.880363941192627
-32.30825999781398;-18.143450879295603;2.643857283378688;1.892340898513794
-33.18466893369726;-18.15168958970159;2.6434298700819223;1.9043529033660889
-33.731556119526026;-18.809151425817618;2.5637235680396655;1.917083978652954
-33.731556119526026;-18.809151425817618;2.5637235680396655;1.9303579330444336
-33.563304438718035;-20.05206495219798;2.524072070006861;1.942492961883545
-34.29855275221973;-17.781534078732022;2.5932499916233915;1.954617977142334
-34.29855275221973;-17.781534078732022;2.5932499916233915;1.9675209522247314
-37.704773534852556;-17.684565234834665;2.55190692089361;1.9805629253387451
-37.704773534852556;-17.684565234834665;2.55190692089361;1.9925799369812012
-31.40542396691602;-18.189808620657963;2.733676606209964;2.004744052886963
-31.40542396691602;-18.189808620657963;2.733676606209964;2.017622947692871
-35.0279506320534;-19.017581900584506;2.553171080293822;2.0306038856506348
-40.6882962658159;-17.31975355258765;2.5008722158415466;2.042752981185913
-40.6882962658159;-17.31975355258765;2.5008722158415466;2.054898977279663
-33.184904672738256;-18.596432702849107;2.6434238432518926;2.0677011013031006
-33.58220123251847;-19.684124006913716;2.6332867151427575;2.080631971359253
-33.58220123251847;-19.684124006913716;2.6332867151427575;2.0926709175109863
-34.62147323415833;-17.914014759356867;2.563308208402958;2.104732036590576
-34.62147323415833;-17.914014759356867;2.563308208402958;2.11765193939209
-37.095154269915426;-17.48882291000057;2.631607196105838;2.130734920501709
-36.329770971244415;-19.226884723711866;2.5426185925479787;2.142798900604248
-36.329770971244415;-19.226884723711866;2.5426185925479787;2.1547811031341553
-35.356575372207466;-16.881570828955276;2.523259431223533;2.1677029132843018
-32.87459735163313;-17.13555032842369;2.673383706962415;2.180577039718628
-32.87459735163313;-17.13555032842369;2.673383706962415;2.1925408840179443
-33.979882009101885;-18.543601758894642;2.623179721183769;2.2045071125030518
-33.979882009101885;-18.543601758894642;2.623179721183769;2.217437982559204
-32.1801919647952;-19.01385705739081;2.713420430481781;2.230526924133301
-36.739399033055804;-16.701266592331194;2.532529679079077;2.242518901824951
-36.739399033055804;-16.701266592331194;2.532529679079077;2.254518985748291
-36.25551163762374;-19.167010218757582;2.522801883776621;2.2674479484558105
-36.329282551256526;-18.319616683359364;2.5426306462080372;2.280606985092163
-36.329282551256526;-18.319616683359364;2.5426306462080372;2.292695999145508
-37.70575514725494;-19.49577076071094;2.551882813573493;2.304677963256836
-37.70575514725494;-19.49577076071094;2.551882813573493;2.3176660537719727
-34.2975952392574;-15.985047137732572;2.5932740989435086;2.3307440280914307
-38.1848117394465;-18.39935796836888;2.5615925283858623;2.342803955078125
-38.1848117394465;-18.39935796836888;2.5615925283858623;2.3548710346221924
-34.54153244127535;-19.20989710440102;2.5434734191415114;2.3678789138793945
-34.54153244127535;-19.20989710440102;2.5434734191415114;2.3809099197387695
-37.08233057786423;-19.572482661445274;2.502551734878468;2.3928840160369873
-38.446182876349354;-18.201150620843304;2.6408653903013235;2.4048850536346436
-38.446182876349354;-18.201150620843304;2.6408653903013235;2.417888879776001
-38.53239508103556;-17.627104632125267;2.5316627988254856;2.4309630393981934
-38.53239508103556;-17.627104632125267;2.5316627988254856;2.4430019855499268
-36.144204054811354;-19.65232243665355;2.6121877664811004;2.4550070762634277
-34.37865788273683;-16.503808260531734;2.6130847808848383;2.4677960872650146
-34.37865788273683;-16.503808260531734;2.6130847808848383;2.4808390140533447
-37.431817481162746;-17.170207308583365;2.6016714397154317;2.492917060852051
-38.250980218001004;-18.461769126019142;2.58140923715722;2.5049240589141846
-38.250980218001004;-18.461769126019142;2.58140923715722;2.5178520679473877
-38.72597390961813;-16.924376276613188;2.591124978799618;2.5307810306549072
-38.72597390961813;-16.924376276613188;2.591124978799618;2.5428619384765625
-41.33093672537578;-17.332006140007856;2.5700200033079312;2.5551629066467285
-33.15766760167748;-19.39442890658075;2.5342031712859683;2.567949056625366
-33.15766760167748;-19.39442890658075;2.5342031712859683;2.580820083618164
-32.003288010305994;-17.127443260322245;2.673811120259182;2.5928730964660645
-31.24830271626613;-18.905152818618376;2.604639225472681;2.604928970336914
-31.24830271626613;-18.905152818618376;2.604639225472681;2.6178839206695557
-34.78164592876273;-19.386898236573884;2.6029235454555852;2.630681037902832
-34.78164592876273;-19.386898236573884;2.6029235454555852;2.6426289081573486
-35.261233724048196;-17.854216775349514;2.6126392870979833;2.6546530723571777
-35.105595483589106;-17.274013205147334;2.573011896385297;2.66770601272583
-35.105595483589106;-17.274013205147334;2.573011896385297;2.6807050704956055
-34.701751491175514;-18.428316213693883;2.583118890344286;2.692681074142456
-33.434506796385804;-16.139089413389648;2.702910130546142;2.7046539783477783
-33.434506796385804;-16.139089413389648;2.702910130546142;2.7175350189208984
-35.01551806751546;-18.230490681461923;2.6623917522597464;2.7305240631103516
-33.269449220435106;-19.10013561627529;2.6632345251932215;2.74259090423584
-35.92080580551245;-19.931496254152684;2.552731613336997;2.754750967025757
-35.92080580551245;-19.931496254152684;2.552731613336997;2.767703056335449
-32.52961499265864;-20.010213501185905;2.594074684066779;2.7807419300079346
-34.93863735027192;-19.502625427242528;2.6425569629983015;2.7927379608154297
-34.93863735027192;-19.502625427242528;2.6425569629983015;2.8047759532928467
-32.78870146443439;-16.62528738340504;2.653573025021087;2.817715883255005
-34.70199182599313;-18.878336518355226;2.5831128635142564;2.8306620121002197
-34.70199182599313;-18.878336518355226;2.5831128635142564;2.842621088027954
-35.357307327192004;-18.247717417050914;2.5232413507334455;2.8546268939971924
-34.29855275221973;-17.781534078732022;2.5932499916233915;2.867511034011841
-34.29855275221973;-17.781534078732022;2.5932499916233915;2.88057804107666
-35.18383758346509;-17.789824283326986;2.5928225783266257;2.8925321102142334
-35.18383758346509;-17.789824283326986;2.5928225783266257;2.904589891433716
-35.588834826782175;-18.436677331935414;2.5826914770475202;2.9175848960876465
-32.44079165090699;-19.0523926093393;2.57427002895548;2.9305970668792725
-32.44079165090699;-19.0523926093393;2.57427002895548;2.942643880844116
-34.93839951620434;-19.05780628187275;2.642562989828331;2.954637050628662
-38.726463351642195;-17.822999021428295;2.5911129251395595;2.967602014541626
-38.726463351642195;-17.822999021428295;2.5911129251395595;2.980654001235962
-36.40296225072207;-18.38257375144505;2.562447354979395;2.992647886276245
-36.40296225072207;-18.38257375144505;2.562447354979395;3.0046820640563965
-35.588110609537736;-17.086509262741675;2.5827095575376076;3.017627000808716
-35.588110609537736;-17.086509262741675;2.5827095575376076;3.0306410789489746
-36.66833214090549;-19.825682417774658;2.5126707824975156;3.042604923248291
-36.029175777492696;-18.9845180400914;2.463351757462547;3.054753065109253
-36.029175777492696;-18.9845180400914;2.463351757462547;3.067768096923828
-35.09133788563522;-16.08527277900273;2.682238595181251;3.080828905105591
-33.268039629304674;-16.441927452368226;2.663270686173396;3.092906951904297
-33.268039629304674;-16.441927452368226;2.663270686173396;3.1048989295959473
-39.42837937926953;-16.726166274342788;2.5312474391887774;3.117825984954834
-39.42837937926953;-16.726166274342788;2.5312474391887774;3.1307790279388428
-35.512020884753284;-17.922365176215504;2.5628807951061905;3.1427950859069824
-33.9805948297214;-19.883109384090314;2.623161640693681;3.1548640727996826
-33.9805948297214;-19.883109384090314;2.623161640693681;3.167902946472168
-34.85972930616049;-18.105369406597415;2.6227583347170302;3.180864095687866
-32.875533406459496;-18.904223983620266;2.673359599642298;3.1928679943084717
-32.875533406459496;-18.904223983620266;2.673359599642298;3.204789876937866
-38.53239508103556;-17.627104632125267;2.5316627988254856;3.217784881591797
-33.41413142898123;-19.12050854261312;2.593659324430071;3.2307960987091064
-33.41413142898123;-19.12050854261312;2.593659324430071;3.242830991744995
-36.2171201413812;-18.817813091731594;2.6320165289125157;3.254889965057373
-36.2171201413812;-18.817813091731594;2.6320165289125157;3.267745018005371
-37.29405619222499;-18.842861138335955;2.5620139148525993;3.2806899547576904
-37.29405619222499;-18.842861138335955;2.5620139148525993;3.292736053466797
-37.634970155772116;-15.595847055732964;2.6611456733496226;3.3047280311584473
-32.22038605584321;-18.97342219554325;2.624028520947272;3.3176169395446777
-32.22038605584321;-18.97342219554325;2.624028520947272;3.3306970596313477
-34.85972930616049;-18.105369406597415;2.6227583347170302;3.342660903930664
-34.85972930616049;-18.105369406597415;2.6227583347170302;3.354698896408081
-30.66506841556918;-20.38773315219504;2.5751067750589254;3.3677010536193848
-34.30223201975903;-18.34554288288805;2.7024525830992294;3.380652904510498
-34.30223201975903;-18.34554288288805;2.7024525830992294;3.3926188945770264
-31.2490084507095;-20.249526950395957;2.604621144982593;3.404690980911255
-33.581964561491716;-19.238501346568874;2.633292741972787;3.4176230430603027
-33.581964561491716;-19.238501346568874;2.633292741972787;3.4307260513305664
-34.781406432901406;-18.938624407928238;2.602929572285615;3.442702054977417
-34.781406432901406;-18.938624407928238;2.602929572285615;3.4548580646514893
-30.948585975667008;-20.550006306261338;2.6345569013729984;3.467787027359009
-33.01360922516536;-17.129101483493088;2.6038085061992646;3.480820894241333
-33.01360922516536;-17.129101483493088;2.6038085061992646;3.492992877960205
-33.09923323432922;-17.19591139277591;2.6236252149706223;3.5050230026245117
-36.88375844477278;-17.741567160566383;2.5721510429617345;3.517920970916748
-36.88375844477278;-17.741567160566383;2.5721510429617345;3.5310630798339844
-37.77294402691427;-17.749888485194784;2.5717236296649686;3.5432169437408447
-37.233065330223724;-16.733757156366508;2.671252667308612;3.5554521083831787
-37.233065330223724;-16.733757156366508;2.671252667308612;3.5680840015411377
-30.472099959207043;-19.82314282153922;2.535479384346238;3.580996036529541
-30.472099959207043;-19.82314282153922;2.535479384346238;3.5930299758911133
-36.069754053135156;-18.69651655024299;2.5923831113698004;3.6050169467926025
-33.014321328184096;-18.473688140772886;2.6037904257091773;3.6178910732269287
-33.014321328184096;-18.473688140772886;2.6037904257091773;3.6308679580688477
-34.46004567537415;-18.80118946818264;2.6328713555060492;3.642922878265381
-31.952159799260162;-20.59898428131169;2.564554287313081;3.6551339626312256
-31.952159799260162;-20.59898428131169;2.564554287313081;3.668025016784668
-33.49766073883977;-17.837691242806862;2.613494113691516;3.680959939956665
-33.49766073883977;-17.837691242806862;2.613494113691516;3.692976951599121
-36.62058053294167;-18.568521972051112;2.621897481293469;3.705125093460083
-36.03553994422764;-17.922100348557205;2.7016037833357256;3.7180960178375244
-36.03553994422764;-17.922100348557205;2.7016037833357256;3.7309539318084717
-51.430301644969006;-12.452719776724848;2.981559743692454;3.7431468963623047
-48.08609083457601;-14.364615976265696;2.943605845186659;3.755270004272461
-48.08609083457601;-14.364615976265696;2.943605845186659;3.7680211067199707
-44.296330487112876;-14.431952527841506;2.915801128450056;3.780824899673462
-45.896600357052;-16.42765447273362;2.8752827501636613;3.7927839756011963
-45.896600357052;-16.42765447273362;2.8752827501636613;3.8049070835113525
-53.0643564834558;-14.409563370161763;2.9410413654060594;3.817868947982788
-53.0643564834558;-14.409563370161763;2.9410413654060594;3.830836057662964
-52.68045633258313;-14.034849808351368;3.0106225929992387;3.8428659439086914
-55.13833890104633;-11.570347579788653;2.910286943402296;3.8548929691314697
-55.13833890104633;-11.570347579788653;2.910286943402296;3.8678650856018066
-49.00404173102234;-13.002763214709816;3.02246937429544;3.8808040618896484
-51.025014689535354;-11.030825721997019;2.991702898631619;3.8927090167999268
-51.025014689535354;-11.030825721997019;2.991702898631619;3.9046719074249268
-48.960317565363525;-14.09969097673326;2.9828178762626365;3.917757034301758
-48.25980017064274;-11.58440082632324;3.0823710212263977;3.9307799339294434
-53.893048888467504;-11.894404506000868;2.940650113089468;3.942802906036377
-53.893048888467504;-11.894404506000868;2.940650113089468;3.954771041870117
-49.84047565604622;-12.673773968329847;3.0418646966000615;3.9677159786224365
-55.13735983890438;-9.905014405911302;3.009400621409233;3.980670928955078
-55.13735983890438;-9.905014405911302;3.009400621409233;3.9926750659942627
-56.38406780210802;-11.49576456149612;2.9393739000291976;4.004703998565674
-55.55131716686197;-10.31473759926407;2.9596361025874103;4.017560958862305
-55.55131716686197;-10.31473759926407;2.9596361025874103;4.030617952346802
-53.46912703645445;-12.40118956216703;2.911129716335771;4.0426108837127686
-53.44536346498031;-14.219201581102574;2.8318327471001927;4.054840087890625
-52.12405688706587;-13.646152859402797;2.743301690989247;4.067812919616699
-52.12405688706587;-13.646152859402797;2.743301690989247;4.080766916275024
-38.42503445140092;-15.771696017078536;2.7699268783587225;4.0928709506988525
-39.84977387705233;-16.315539455816655;2.669976454248342;4.10487699508667
-39.84977387705233;-16.315539455816655;2.669976454248342;4.117830991744995
-34.061933898037665;-19.49427304751034;2.6429843762950673;4.130738019943237
-34.061933898037665;-19.49427304751034;2.6429843762950673;4.14283299446106
-33.070747582105085;-19.335116046628748;2.5143864625146097;4.154843091964722
-32.13135675580274;-18.913518613828593;2.6042118121759144;4.167845964431763
-32.13135675580274;-18.913518613828593;2.6042118121759144;4.180697917938232
-35.1840780308563;-18.238986378260904;2.592816551496597;4.192615032196045
-32.44079165090699;-19.0523926093393;2.57427002895548;4.2046959400177
-32.44079165090699;-19.0523926093393;2.57427002895548;4.217694044113159
-35.88757605690367;-15.579850796358535;2.662000499943156;4.230658054351807
-35.88757605690367;-15.579850796358535;2.662000499943156;4.242650032043457
-34.06910683195024;-17.404135452900114;2.75222312875108;4.255156993865967
-37.09539514476013;-17.93458988639695;2.6316011692758083;4.2679219245910645
-37.09539514476013;-17.93458988639695;2.6316011692758083;4.280910968780518
-37.768459835915436;-15.739169041060638;2.700779090892339;4.292967081069946
-37.22387231267057;-18.781707667492846;2.5421972060812417;4.30505895614624
-37.22387231267057;-18.781707667492846;2.5421972060812417;4.317881107330322
-33.51783923865543;-17.960347297579087;2.7227027319973827;4.330722093582153
-33.51783923865543;-17.960347297579087;2.7227027319973827;4.342727899551392
-34.859967967144826;-18.55190711047963;2.6227523078870014;4.354912996292114
-39.22177598051627;-17.016464518299586;2.7496646758005108;4.367846965789795
-39.22177598051627;-17.016464518299586;2.7496646758005108;4.380717992782593
-42.30213563696449;-16.058642031151777;2.7779088594939374;4.392725944519043
-40.7547778145196;-16.247393827943554;2.838213812401545;4.404711961746216
-40.7547778145196;-16.247393827943554;2.838213812401545;4.417601108551025
-43.64857058740387;-14.664504942613991;2.8070138966109273;4.430666923522949
-44.05410479107398;-16.574792639558474;2.7968647148417327;4.44267201423645
-44.05410479107398;-16.574792639558474;2.7968647148417327;4.454782009124756
-41.548502825629825;-14.466989330989236;2.8179937976535365;4.467703104019165
-41.548502825629825;-14.466989330989236;2.8179937976535365;4.480616092681885
-40.41371673058141;-15.278750955104883;2.8681676492820376;4.492655038833618
-40.75407076604984;-14.961860957894853;2.838231892891632;4.504688024520874
-40.75407076604984;-14.961860957894853;2.838231892891632;4.517653942108154
-46.54548881396666;-15.158506916198128;2.755967137898806;4.530639886856079
-40.808025150037075;-16.31454191122174;2.8580305211729025;4.5427610874176025
-40.808025150037075;-16.31454191122174;2.8580305211729025;4.554931879043579
-40.86064600039219;-15.95584107979867;2.877853256774289;4.567859888076782
-40.86064600039219;-15.95584107979867;2.877853256774289;4.580728054046631
-43.245542277272826;-14.482337382211686;2.817138971060004;4.59273099899292
-42.15671997841467;-17.603050209486483;2.7184346258597465;4.60469388961792
-42.15671997841467;-17.603050209486483;2.7184346258597465;4.617639064788818
-45.68626701511435;-14.280327513951615;2.7564066048556306;4.630665063858032
-45.093580087157996;-15.638036139846712;2.8955389258918434;4.6426169872283936
-47.79209707630407;-14.841963130731365;2.725603968211634;4.654711961746216
-43.33410895602738;-15.483778230486845;2.8567603349426607;4.667740106582642
-43.33410895602738;-15.483778230486845;2.8567603349426607;4.680681943893433
-47.14115155994591;-15.766508131542686;2.8647423160778764;4.692640066146851
-48.80082856878693;-15.712880011952475;2.844070780712986;4.704655885696411
-47.28594473929765;-15.26714839570366;2.963837913594725;4.71753191947937
-47.28594473929765;-15.26714839570366;2.963837913594725;4.730508089065552
-47.22727532090863;-13.018750417836479;2.9242346302021556;4.742463111877441
-48.869976575043836;-14.64851431338656;2.9035389875171465;4.754523038864136
-48.869976575043836;-14.64851431338656;2.9035389875171465;4.767575025558472
-52.23334398472056;-12.720560255568756;2.9414928860229423;4.780656099319458
-52.23334398472056;-12.720560255568756;2.9414928860229423;4.792578935623169
-48.56015966115058;-13.507956122451692;2.992948977541743;4.804615020751953
-52.6429203514254;-11.210643300277518;2.9313919188939828;4.817578077316284
-52.6429203514254;-11.210643300277518;2.9313919188939828;4.8306169509887695
-50.98058075005884;-12.038313153390074;2.9322346918274578;4.842626094818115
-46.06270059204948;-14.245881171559944;2.974402455000626;4.8548009395599365
-46.06270059204948;-14.245881171559944;2.974402455000626;4.86769700050354
-53.89280308875956;-11.47396539684496;2.940656139919497;4.880752086639404
-54.723012832852504;-13.929500281109128;2.920375856871198;4.892790079116821
-54.723012832852504;-13.929500281109128;2.920375856871198;4.90493106842041
-51.80067981627002;-13.654442192493562;2.9119664624392154;4.917886972427368
-51.80067981627002;-13.654442192493562;2.9119664624392154;4.930804014205933
-55.13888320888285;-12.496186561904452;2.930091598513596;4.942785978317261
-48.629560951473124;-11.671792718489897;3.0524292380059634;4.9549500942230225
-48.629560951473124;-11.671792718489897;3.0524292380059634;4.967933893203735
-53.90616790213504;-11.305907605400673;3.0001122930636006;4.980845928192139
-53.90616790213504;-11.305907605400673;3.0001122930636006;4.992808103561401
-51.05458387536463;-11.198292194512899;3.031336316174335;5.004836082458496
-53.08594850851836;-12.962187159446717;3.0005155990402494;5.017838001251221
-53.08594850851836;-12.962187159446717;3.0005155990402494;5.030817031860352
-51.05458387536463;-11.198292194512899;3.031336316174335;5.0432069301605225
-55.137374501788244;-9.929955199612841;3.1084901920960517;5.055530071258545
-55.137374501788244;-9.929955199612841;3.1084901920960517;5.0681469440460205
-57.1851164396595;-11.831979626679384;3.0182133218178633;5.0810980796813965
-56.369269341627856;-9.247490648582133;2.998860187323448;5.093120098114014
-54.727174376087774;-13.31674307075221;2.9798380368453294;5.105439901351929
-54.727174376087774;-13.31674307075221;2.9798380368453294;5.118194103240967
-56.76066852400052;-11.002182272747575;3.0679838674697146;5.131097078323364
-53.50578790725581;-13.701535961916399;3.03001791530386;5.143107891082764
-53.50578790725581;-13.701535961916399;3.03001791530386;5.1552488803863525
-49.443203484267165;-12.502942613362112;3.051989771049138;5.168099880218506
-52.31596280145034;-13.334374078228471;3.100026556193807;5.181101083755493
-52.31596280145034;-13.334374078228471;3.100026556193807;5.193130016326904
-53.07095546195181;-12.806577333296008;2.960882181497534;5.205254077911377
-53.07095546195181;-12.806577333296008;2.960882181497534;5.218158006668091
-54.73105530333858;-9.91410086871058;3.0591591134010248;5.231251001358032
-58.01452034691222;-12.173899234146003;2.997963172919709;5.243285894393921
-58.01452034691222;-12.173899234146003;2.997963172919709;5.2554099559783936
-55.13911400401092;-12.888756927643353;3.029175142370386;5.268204927444458
-55.54028231715347;-11.401610994093538;3.1181637459282445;5.281311988830566
-55.54028231715347;-11.401610994093538;3.1181637459282445;5.293447971343994
-53.936098291927046;-10.657114564313044;3.1388473349531942;5.305433988571167
-53.936098291927046;-10.657114564313044;3.1388473349531942;5.318244934082031
-57.170372269703904;-11.581360657606997;3.0578527661906083;5.331360101699829
-55.13915917397043;-12.965588651387382;3.048991851141743;5.343394041061401
-55.13915917397043;-12.965588651387382;3.048991851141743;5.355534076690674
-56.7913044459777;-13.08783179227143;2.96886416263275;5.3682050704956055
-58.821012514058935;-8.529638568833004;3.017406709864564;5.381244897842407
-58.821012514058935;-8.529638568833004;3.017406709864564;5.393289089202881
-51.916924043747684;-10.717709021591993;3.1101877916230585;5.405251979827881
-54.732262652743096;-11.971484942974488;3.059128979250879;5.418144941329956
-54.732262652743096;-11.971484942974488;3.059128979250879;5.431169033050537
-52.68931153342851;-14.107832585685834;3.0304393017705973;5.443187952041626
-52.68931153342851;-14.107832585685834;3.0304393017705973;5.455267906188965
-55.13960045069061;-13.716177127331463;3.0291630887103267;5.468163013458252
-52.67032615047616;-11.878344972940578;2.990836018378028;5.481066942214966
-51.37545261102101;-11.707224987471928;2.9022989354370523;5.49308705329895
-49.68479473762966;-13.308627835919168;2.8833129459391103;5.505238056182861
-49.68479473762966;-13.308627835919168;2.8833129459391103;5.518096923828125
-55.13991708439621;-14.254754395649442;2.9498841999648366;5.530881881713867
-55.13991708439621;-14.254754395649442;2.9498841999648366;5.543041944503784
-49.12152625198583;-13.440687929644554;2.754709005328623;5.555284023284912
-45.86115033803563;-14.22549268800605;2.8554961755424495;5.568080902099609
-45.86115033803563;-14.22549268800605;2.8554961755424495;5.580935001373291
-46.395603191500975;-13.854704431143595;2.924649989838863;5.59298300743103
-43.81809353619273;-15.379670439639053;2.886274704866329;5.604978084564209
-43.81809353619273;-15.379670439639053;2.886274704866329;5.6171979904174805
-47.575758236660754;-15.591902254329845;2.874439977230187;5.629411935806274
-44.13580679188189;-15.421251412521247;2.836516212874537;5.64142107963562
-44.13580679188189;-15.421251412521247;2.836516212874537;5.653754949569702
-44.17680102039788;-15.918539728189426;2.856326894815866;5.666927099227905
-44.17680102039788;-15.918539728189426;2.856326894815866;5.680608034133911
-49.12302041298101;-16.052619070901805;2.7546728443484474;5.692575931549072
-42.3499617394702;-15.695473802584967;2.7977315950953248;5.704539060592651
-42.3499617394702;-15.695473802584967;2.7977315950953248;5.7175068855285645
-44.09450706454986;-14.920257185138542;2.8167055309332083;5.730628967285156
-46.44628364654162;-13.617762624058233;2.6965350920748197;5.742754936218262
-46.44628364654162;-13.617762624058233;2.6965350920748197;5.754944086074829
-43.649772371711066;-16.819666346909678;2.8069837624607805;5.767899036407471
-42.564294888073846;-16.03793679457054;2.708333658730787;5.780955076217651
-42.564294888073846;-16.03793679457054;2.708333658730787;5.792989015579224
-42.23751781730485;-15.081902147730027;2.9267689758326068;5.80500602722168
-42.23751781730485;-15.081902147730027;2.9267689758326068;5.817931890487671
-41.54921526581941;-15.75741274407864;2.817975717163449;5.831149101257324
-47.05138613257033;-15.557672667878709;2.8052921897638026;5.843158960342407
-47.05138613257033;-15.557672667878709;2.8052921897638026;5.855292081832886
-44.86717885588381;-15.648714450387867;2.776632646433667;5.868153095245361
-40.647562921356325;-16.975027879876592;2.79856834119877;5.881103038787842
-40.647562921356325;-16.975027879876592;2.79856834119877;5.893121957778931
-41.15147872753495;-16.43219501105316;2.8280887379524673;5.905083894729614
-41.15147872753495;-16.43219501105316;2.8280887379524673;5.917857885360718
-42.612006250310245;-16.10754692494006;2.7281503675021455;5.930762052536011
-42.612006250310245;-16.10754692494006;2.7281503675021455;5.942835092544556
-36.28433927300864;-17.432823523440383;2.8900912903870823;5.954885959625244
-45.12502320601071;-14.668816109467798;2.687252790559217;5.9670729637146
-45.12502320601071;-14.668816109467798;2.687252790559217;5.98045802116394
-46.099655187027764;-16.208299322211808;2.746257423086437;5.99362587928772
-46.099655187027764;-16.208299322211808;2.746257423086437;6.006011009216309
-40.080365601734854;-15.717119661643732;2.7492553429938322;6.019260883331299
-38.424562306044976;-14.903569073682633;2.769938932018781;6.0331549644470215
-38.424562306044976;-14.903569073682633;2.769938932018781;6.0469489097595215
-36.57458735479476;-16.926575406031453;2.7311302069194525;6.060252904891968
-41.49087278894167;-17.083904140232114;2.629476156452035;6.072648048400879
-41.49087278894167;-17.083904140232114;2.629476156452035;6.08617091178894
-38.157227916912056;-16.586327213669414;2.819673316690457;6.099631071090698
-38.157227916912056;-16.586327213669414;2.819673316690457;6.113127946853638
-35.638914873022614;-17.291006355463388;2.711734884614831;6.125360012054443
-39.38391201783479;-17.38500270983066;2.660266739435973;6.138722896575928
-39.38391201783479;-17.38500270983066;2.660266739435973;6.152009963989258
-41.54197429605077;-14.48516346643843;2.649329026203567;6.1648850440979
-39.791867761901734;-18.022588478324764;2.6501356381568666;6.1769468784332275
-39.791867761901734;-18.022588478324764;2.6501356381568666;6.189496040344238
-36.832966708717194;-18.308715006175305;2.6813536344375724;6.202661037445068
-40.55524689016133;-17.45618179990886;2.6100808341474133;6.215730905532837
-40.55524689016133;-17.45618179990886;2.6100808341474133;6.228979110717773
-37.431574795760795;-16.72182607867251;2.6016774665454605;6.241038084030151
-37.431574795760795;-16.72182607867251;2.6016774665454605;6.253051996231079
-38.3630833479063;-17.87989848694731;2.750080035437219;6.265860080718994
-38.29852260879566;-16.067869318980584;2.7302874339859775;6.279092073440552
-38.29852260879566;-16.067869318980584;2.7302874339859775;6.291177034378052
-36.90276219962772;-18.37003445105487;2.701170343208929;6.303443908691406
-39.62174114288352;-16.332710026244293;2.7395516550114927;6.316345930099487
-39.62174114288352;-16.332710026244293;2.7395516550114927;6.329736948013306
-40.25739013341787;-16.06317508187;2.6598574066292944;6.341907024383545
-40.25739013341787;-16.06317508187;2.6598574066292944;6.3549909591674805
-34.77449336316337;-18.59958115072984;2.7121442174215105;6.36777400970459
-36.107620016704814;-17.10845245562846;2.7214325457671418;6.380964040756226
-36.107620016704814;-17.10845245562846;2.7214325457671418;6.392910957336426
-40.37116486809698;-16.642915967827022;2.699484797341981;6.405066967010498
-41.85372882222299;-17.21134758618426;2.5995343732315996;6.418009042739868
-41.85372882222299;-17.21134758618426;2.5995343732315996;6.431092977523804
-42.75275438575666;-15.880632979486109;2.787606520646248;6.443196058273315
-42.75275438575666;-15.880632979486109;2.787606520646248;6.455256938934326
-37.50110721424461;-18.57683148273167;2.621470067996702;6.468040943145752
-42.88062717278373;-15.643867642667445;2.658581193569024;6.481168031692505
-42.88062717278373;-15.643867642667445;2.658581193569024;6.49325704574585
-36.43323837729233;-17.674404865788148;2.691484735716678;6.5054099559783936
-38.02966231318699;-16.452591506292652;2.7800398991477415;6.518807888031006
-38.02966231318699;-16.452591506292652;2.7800398991477415;6.532059907913208
-41.43789198426977;-17.016736337384565;2.6096594476806763;6.544945001602173
-41.43789198426977;-17.016736337384565;2.6096594476806763;6.556896924972534
-35.93124546400294;-17.54736651717134;2.7910017197002635;6.569606065750122
-35.93124546400294;-17.54736651717134;2.7910017197002635;6.5824689865112305
-38.17055726587625;-17.249957846660767;2.690635935953174;6.5971128940582275
-34.53709862741252;-17.222777732077084;2.7619207899033906;6.610491991043091
-34.53709862741252;-17.222777732077084;2.7619207899033906;6.623940944671631
-37.635333274291085;-16.26607279672851;2.790164973596818;6.636255979537964
-37.835870354347904;-18.43902893201893;2.720559638683522;6.649307012557983
-37.835870354347904;-18.43902893201893;2.720559638683522;6.662718057632446
-39.738569746128064;-16.90167594506692;2.7791790457241783;6.6747400760650635
-37.301707625718706;-17.241868302079038;2.6910633492499407;6.6868369579315186
-37.301707625718706;-17.241868302079038;2.6910633492499407;6.699610948562622
-38.82334885121249;-17.697589688816365;2.759777696589529;6.7131431102752686
-38.82334885121249;-17.697589688816365;2.759777696589529;6.725121974945068
-38.63596405500738;-16.186992235131832;2.7003456507655432;6.737124919891357
-40.13776256064297;-17.089804926671057;2.7690539712751017;6.749799966812134
-40.13776256064297;-17.089804926671057;2.7690539712751017;6.76329493522644
-43.43020582128999;-15.167434681965531;2.7079182990940796;6.775304079055786
-40.80685079745197;-14.179915777570496;2.858060655323049;6.787358999252319
-40.80685079745197;-14.179915777570496;2.858060655323049;6.800081968307495
-43.20196354633627;-16.135097246877237;2.797298154968529;6.813469886779785
-40.777964924243776;-17.27423447580378;2.6893536960628754;6.825483083724976
-46.44678106810306;-14.498149371184315;2.696523038414761;6.83746600151062
-46.44678106810306;-14.498149371184315;2.696523038414761;6.850297927856445
-45.35042931147625;-16.404321568132474;2.8061349626972767;6.863564968109131
-45.35042931147625;-16.404321568132474;2.8061349626972767;6.875546932220459
-39.90973918717397;-16.23960817098689;2.8386412256983116;6.8876729011535645
-39.90973918717397;-16.23960817098689;2.8386412256983116;6.900397062301636
-44.053139685639835;-14.847368934515316;2.7968888221618498;6.913671016693115
-46.26648261069419;-14.833803594278034;2.845365074263343;6.925741910934448
-46.26648261069419;-14.833803594278034;2.845365074263343;6.937829971313477
-49.1676574188389;-15.325859441956322;2.7943183155512212;6.950807094573975
-48.15838078235893;-15.763574475596084;2.6758334225597835;6.9639739990234375
-48.15838078235893;-15.763574475596084;2.6758334225597835;6.976139068603516
-43.64833023218017;-14.233475598723253;2.807019923440956;6.988254070281982
-45.38593207421887;-14.753301007452745;2.8259757787887523;7.001261949539185
-45.38593207421887;-14.753301007452745;2.8259757787887523;7.014309883117676
-48.237048487622076;-14.664429351703063;2.735301629363944;7.026460886001587
-48.237048487622076;-14.664429351703063;2.735301629363944;7.038671016693115
-43.96946934614752;-14.699943962584875;2.7572554046191344;7.0514750480651855
-43.81809353619273;-15.379670439639053;2.886274704866329;7.064435958862305
-43.81809353619273;-15.379670439639053;2.886274704866329;7.076483964920044
-43.79927216488352;-16.165411483717225;2.677964462213586;7.088622093200684
-41.84937776570583;-15.368895708805983;2.768223252001686;7.101485013961792
-41.84937776570583;-15.368895708805983;2.768223252001686;7.11434006690979
-40.99421990407312;-17.53193599411421;2.768620531148306;7.126482009887695
-42.10669677452785;-16.658971690528784;2.6986299707484473;7.138490915298462
-42.10669677452785;-16.658971690528784;2.6986299707484473;7.151463031768799
-43.15709258196986;-16.06650262802797;2.5889999659758436;7.164499044418335
-43.15709258196986;-16.06650262802797;2.5889999659758436;7.176731109619141
-39.621979961482126;-16.76929203772651;2.739545628181463;7.190294981002808
-40.24867146920684;-15.06458804755648;2.8087175229679637;7.203416109085083
-40.24867146920684;-15.06458804755648;2.8087175229679637;7.2161009311676025
-45.12527082644374;-15.109797895334104;2.6872467637291884;7.229609966278076
-34.938161682694215;-18.61298817911391;2.64256901665836;7.241549968719482
-34.938161682694215;-18.61298817911391;2.64256901665836;7.253699064254761
